{"cameraMode":{"drawMode":0,"name":"Shaded","section":"Shading Mode"},"sceneLighting":true,"audioPlay":false,"sceneViewState":{"showFog":true,"showMaterialUpdate":false,"showSkybox":true,"showFlares":true,"showImageEffects":true,"showParticleSystems":true},"in2DMode":false,"pivot":{"x":-0.04734373092651367,"y":0.026907920837402345,"z":0.02881622314453125},"rotation":{"x":-0.08724022656679154,"y":0.8987827897071838,"z":-0.20884206891059876,"w":-0.37545087933540347},"size":21.9621524810791,"orthographic":false}