{"cameraMode":{"drawMode":0,"name":"Shaded","section":"Shading Mode"},"sceneLighting":false,"audioPlay":false,"sceneViewState":{"showFog":true,"showMaterialUpdate":false,"showSkybox":true,"showFlares":true,"showImageEffects":true,"showParticleSystems":true},"in2DMode":false,"pivot":{"x":103.79878997802735,"y":147.43148803710938,"z":66.93865966796875},"rotation":{"x":-0.12422271072864533,"y":0.06454498320817948,"z":-0.00809873454272747,"w":-0.9901231527328491},"size":1172.88232421875,"orthographic":false}