{"cameraMode":{"drawMode":0,"name":"Shaded","section":"Shading Mode"},"sceneLighting":false,"audioPlay":false,"sceneViewState":{"showFog":false,"showMaterialUpdate":false,"showSkybox":false,"showFlares":false,"showImageEffects":false,"showParticleSystems":false},"in2DMode":false,"pivot":{"x":7.7649946212768559,"y":3.0840303897857668,"z":-3.4675111770629885},"rotation":{"x":0.004894705954939127,"y":0.9950948357582092,"z":-0.0675806775689125,"w":0.07207190245389939},"size":26.336517333984376,"orthographic":false}